mix,n,graph,stream,real_s,user_s,sys_s
1x4k,1,hdr10_4k,1,10.354,3.362,0.578,
2x4k,2,hdr10_4k,2,14.342,3.746,0.813,
2x4k,2,hdr10_4k,1,14.672,3.858,0.638,
3x4k,3,hdr10_4k,3,21.297,3.480,0.539,
3x4k,3,hdr10_4k,2,21.401,3.476,0.811,
3x4k,3,hdr10_4k,1,21.569,3.547,0.608,
4x4k,4,hdr10_4k,2,28.837,3.576,0.862,
4x4k,4,hdr10_4k,3,28.939,3.510,0.663,
4x4k,4,hdr10_4k,1,29.033,3.642,0.657,
4x4k,4,hdr10_4k,4,29.059,3.603,0.699,
1ch_pair,2,hdr10_4k,1,13.447,3.758,0.642,
1ch_pair,2,hdr_to_1080,2,30.056,4.828,0.867,
1x4k+6x1080,7,sdr_1080,7,17.664,2.435,0.280,
1x4k+6x1080,7,sdr_1080,5,17.731,2.441,0.301,
1x4k+6x1080,7,sdr_1080,3,17.768,2.414,0.294,
1x4k+6x1080,7,sdr_1080,6,17.835,2.457,0.316,
1x4k+6x1080,7,sdr_1080,2,17.849,2.386,0.326,
1x4k+6x1080,7,sdr_1080,4,17.852,2.328,0.338,
1x4k+6x1080,7,hdr10_4k,1,19.878,3.661,0.608,
1x4k+10x1080,11,sdr_1080,11,25.689,2.417,0.327,
1x4k+10x1080,11,sdr_1080,7,25.943,2.403,0.338,
1x4k+10x1080,11,sdr_1080,3,25.974,2.386,0.318,
1x4k+10x1080,11,sdr_1080,8,26.041,2.420,0.326,
1x4k+10x1080,11,sdr_1080,10,26.054,2.448,0.326,
1x4k+10x1080,11,sdr_1080,5,26.064,2.460,0.322,
1x4k+10x1080,11,sdr_1080,9,26.067,2.448,0.325,
1x4k+10x1080,11,sdr_1080,4,26.099,2.330,0.349,
1x4k+10x1080,11,sdr_1080,6,26.113,2.456,0.345,
1x4k+10x1080,11,sdr_1080,2,26.158,2.449,0.333,
1x4k+10x1080,11,hdr10_4k,1,27.526,3.718,0.612,
2pairs+4x1080,8,sdr_1080,7,30.064,2.407,0.365,
2pairs+4x1080,8,sdr_1080,5,30.122,2.462,0.319,
2pairs+4x1080,8,sdr_1080,8,30.402,2.453,0.333,
2pairs+4x1080,8,sdr_1080,6,30.495,2.487,0.319,
2pairs+4x1080,8,hdr10_4k,3,32.791,3.638,0.845,
2pairs+4x1080,8,hdr10_4k,1,33.076,3.696,0.635,
2pairs+4x1080,8,hdr_to_1080,2,57.339,4.868,0.887,
2pairs+4x1080,8,hdr_to_1080,4,57.514,4.933,1.044,
1x4ksdr+6x1080,7,sdr_1080,7,17.401,2.402,0.335,
1x4ksdr+6x1080,7,sdr_1080,3,17.414,2.340,0.337,
1x4ksdr+6x1080,7,sdr_1080,5,17.417,2.386,0.361,
1x4ksdr+6x1080,7,sdr_1080,6,17.439,2.439,0.321,
1x4ksdr+6x1080,7,sdr_1080,4,17.483,2.339,0.316,
1x4ksdr+6x1080,7,sdr_1080,2,17.493,2.428,0.326,
1x4ksdr+6x1080,7,sdr4k_hevc,1,19.229,3.786,0.683,
