rung,res,src,first1s_ms,real_s,user_s,sys_s,frames_out
r0_base,720,h1,3063,18.934,72.189,0.941,480,
r0_base,720,h2,2323,17.398,67.752,1.121,480,
r1_skiploop,720,h1,2729,17.953,68.693,0.908,480,
r1_skiploop,720,h2,2274,16.321,63.410,1.111,480,
r2_nonref,720,h1,NA,0.012,0.009,0.004,480,
r2_nonref,720,h2,NA,0.009,0.005,0.005,480,
r3_nokey,720,h1,838,3.943,7.947,0.324,457,
r3_nokey,720,h2,793,3.917,7.808,0.451,462,
r0_base,480,h1,2847,16.755,63.436,0.830,480,
r0_base,480,h2,2255,15.014,58.321,1.065,480,
r1_skiploop,480,h1,2541,15.586,59.475,0.671,480,
r1_skiploop,480,h2,2144,14.061,54.428,0.953,480,
r2_nonref,480,h1,NA,0.011,0.007,0.005,480,
r2_nonref,480,h2,NA,0.010,0.007,0.003,480,
r3_nokey,480,h1,877,4.002,6.390,0.285,457,
r3_nokey,480,h2,733,3.553,5.963,0.353,462,
