graph,n,stream,real_s,user_s,sys_s
vaapi_1080,2,1,21.672,2.662,0.525,
vaapi_1080,2,2,22.392,2.608,0.539,
vaapi_1080,4,2,44.273,2.651,0.534,
vaapi_1080,4,1,44.405,2.660,0.588,
vaapi_1080,4,3,44.409,2.721,0.540,
vaapi_1080,4,4,44.420,2.556,0.564,
vaapi_1080,6,2,64.607,2.700,0.584,
vaapi_1080,6,3,65.648,2.729,0.605,
vaapi_1080,6,4,65.708,2.620,0.607,
vaapi_1080,6,6,65.732,2.611,0.562,
vaapi_1080,6,1,65.750,2.754,0.566,
vaapi_1080,6,5,65.830,2.726,0.573,
ocl_hable_1080,2,2,3.838,2.300,0.699,
ocl_hable_1080,2,1,4.047,2.351,0.743,
ocl_hable_1080,4,2,7.744,2.606,0.785,
ocl_hable_1080,4,4,7.793,2.476,0.821,
ocl_hable_1080,4,3,7.917,2.654,0.817,
ocl_hable_1080,4,1,7.932,2.588,0.872,
ocl_hable_1080,6,6,11.515,2.481,0.781,
ocl_hable_1080,6,4,11.708,2.528,0.762,
ocl_hable_1080,6,2,11.720,2.570,0.778,
ocl_hable_1080,6,5,11.849,2.579,0.839,
ocl_hable_1080,6,3,11.849,2.570,0.887,
ocl_hable_1080,6,1,11.859,2.637,0.812,
va_dl_pl_1080,2,1,10.511,6.440,1.081,
va_dl_pl_1080,2,2,10.530,6.575,1.067,
va_dl_pl_1080,4,3,15.936,9.057,1.512,
va_dl_pl_1080,4,1,15.960,9.001,1.507,
va_dl_pl_1080,4,2,16.019,9.019,1.446,
va_dl_pl_1080,4,4,16.075,8.825,1.452,
va_dl_pl_1080,6,1,23.141,10.611,1.740,
va_dl_pl_1080,6,4,23.153,10.598,1.732,
va_dl_pl_1080,6,3,23.185,10.831,1.712,
va_dl_pl_1080,6,6,23.225,10.540,1.670,
va_dl_pl_1080,6,5,23.270,10.686,1.696,
va_dl_pl_1080,6,2,23.335,10.653,1.717,
